114,flickr.com
116,bp.blogspot.com
117,tudou.com
118,cnet.com
119,globo.com
120,chase.com
121,amazonaws.com
122,amazon.fr
123,booking.com
124,snapdeal.com
125,wordpress.org
126,amazon.cn
127,youporn.com
129,yelp.com
131,ameblo.jp
132,slideshare.net
133,ettoday.net
134,bongacams.com
136,bankofamerica.com
137,gmail.com
139,salesforce.com
140,directrev.com
141,pconline.com.cn
142,themeforest.net
144,chinadaily.com.cn
145,life.com.tw
146,aol.com
148,etsy.com
149,godaddy.com
150,weather.com
151,walmart.com
152,bbc.com
154,soundcloud.com
155,theguardian.com
156,coccoc.com
157,diply.com
158,wikihow.com
159,adf.ly
160,deviantart.com
161,forbes.com
162,zol.com.cn
163,indeed.com
164,livejournal.com
165,leboncoin.fr
166,livejasmin.com
167,blogfa.com
168,amazon.it
169,loading-delivery1.com
171,businessinsider.com
172,stackexchange.com
173,jabong.com
174,w3schools.com
175,mozilla.org
176,wellsfargo.com
177,daum.net
178,mailchimp.com
179,reference.com
180,twitch.tv
181,tubecup.com
182,so.com
184,files.wordpress.com
185,naver.jp
186,abs-cbnnews.com
187,likes.com
188,nicovideo.jp
189,ask.fm
190,torrentz.eu
191,allegro.pl
192,badoo.com
193,microsoftonline.com
194,wikimedia.org
196,doublepimp.com
198,onet.pl
201,skype.com
202,archive.org
203,douban.com
204,mama.cn
205,ikea.com
206,yaolan.com
207,answers.com
208,mediafire.com
209,bestbuy.com
210,foxnews.com
211,feedly.com
212,sourceforge.net
213,ok.ru
214,jd.com
215,webssearches.com
216,secureserver.net
217,avito.ru
218,livedoor.com
219,xcar.com.cn
220,popads.net
221,nfl.com
222,mashable.com
223,orange.fr
224,gogorithm.com
225,quora.com
226,ups.com
227,aili.com
228,gmx.net
229,blogspot.com.br
232,9gag.com
234,target.com
235,washingtonpost.com
236,nih.gov
237,softonic.com
238,force.com
239,b5m.com
240,zillow.com
242,avg.com
243,bycontext.com
244,goo.ne.jp
245,ndtv.com
246,theladbible.com
248,tripadvisor.com
249,caijing.com.cn
250,amazon.es
251,rediff.com
252,comcast.net
253,web.de
254,baomihua.com
255,liveinternet.ru
256,americanexpress.com
257,avira.com
258,youm7.com
259,tube8.com
260,pandora.com
261,media1first.com
262,hootsuite.com
263,weebly.com
265,wsj.com
266,engadget.com
267,shutterstock.com
268,ign.com
269,rambler.ru
270,wp.pl
271,quikr.com
272,wordreference.com
273,dmm.co.jp
274,mystart.com
275,gfycat.com
277,4shared.com
278,usps.com
279,bild.de
280,bleacherreport.com
281,ebay.in
282,tianya.cn
283,media.tumblr.com
285,java.com
287,stumbleupon.com
288,telegraph.co.uk
289,gigacircle.com
290,gizmodo.com
291,addthis.com
292,slickdeals.net
293,lifehacker.com
294,hulu.com
295,wix.com
296,china.com.cn
297,groupon.com
298,gome.com.cn
300,pchome.net
301,espncricinfo.com
302,bet365.com
303,spiegel.de
304,icmwebserv.com
305,hudong.com
306,xuite.net
307,fedex.com
308,39.net
309,usatoday.com
310,seznam.cz
311,goodreads.com
312,hdfcbank.com
313,ci123.com
314,icicibank.com
315,techcrunch.com
316,libero.it
317,v1.cn
318,samsung.com
319,hp.com
320,hurriyet.com.tr
321,uimserv.net
322,rutracker.org
323,moz.com
325,coreclickhoo.com
326,gsmarena.com
327,milliyet.com.tr
328,ameba.jp
329,att.com
330,chexun.com
331,babytree.com
332,newegg.com
333,vice.com
334,speedtest.net
336,thefreedictionary.com
337,wow.com
338,photobucket.com
339,eastday.com
340,kompas.com
341,nandu.com
342,webmd.com
343,t-online.de
344,fiverr.com
345,lady8844.com
346,mobile01.com
347,varzesh3.com
348,mercadolivre.com.br
349,reuters.com
350,amazon.ca
351,tuneuppro.com
352,github.io
353,gap.com
354,homedepot.com
355,goodgamestudios.com
356,steampowered.com
357,outlook.com
358,dsrlte.com
359,huanqiu.com
360,taboola.com
361,olx.in
362,extratorrent.cc
364,xgo.com.cn
365,trovi.com
366,youth.cn
367,theverge.com
368,bitauto.com
369,cnzz.com
371,meetup.com
372,chinaz.com
374,verizonwireless.com
375,kakaku.com
376,kickstarter.com
377,rt.com
378,spotify.com
379,scribd.com
380,ad120m.com
381,detik.com
382,liputan6.com
383,jrj.com.cn
384,evernote.com
385,privatehomeclips.com
386,zendesk.com
387,goal.com
388,disqus.com
389,capitalone.com
390,in.com
391,kaskus.co.id
392,abril.com.br
393,trello.com
394,onlinesbi.com
395,steamcommunity.com
396,hupu.com
398,time.com
400,surveymonkey.com
401,adsrvmedia.net
402,dell.com
403,blogspot.com.es
405,chinatimes.com
406,free.fr
408,haiwainet.cn
409,oracle.com
410,bitly.com
411,stockstar.com
412,codecanyon.net
413,xda-developers.com
414,ziddu.com
415,iqiyi.com
416,bloomberg.com
417,fbcdn.net
419,ehow.com
420,sahibinden.com
421,okcupid.com
422,rbc.ru
423,intoday.in
425,ebay.com.au
426,cbssports.com
427,ganji.com
428,yandex.ua
429,pixiv.net
430,php.net
431,pcbaby.com.cn
434,tmz.com
435,nba.com
436,doubleclick.com
437,reimageplus.com
438,ifeng.com
439,cloudfront.net
440,accuweather.com
441,hostgator.com
442,battle.net
443,sex.com
444,retailmenot.com
445,ixxx.com
446,superiends.org
447,gameforge.com
448,xywy.com
450,taleo.net
451,4dsply.com
452,emgn.com
453,myntra.com
454,youku.com
455,ebay.it
456,statcounter.com
457,highcpms.com
458,ce.cn
459,repubblica.it
460,beeg.com
461,macys.com
462,naukri.com
463,kooora.com
464,constantcontact.com
465,ink361.com
466,hardsextube.com
467,zedo.com
468,yesky.com
469,uploaded.net
470,npr.org
471,office365.com
472,justdial.com
473,trackingclick.net
474,marca.com
475,eksisozluk.com
476,agoda.com
477,turboloves.net
478,azlyrics.com
479,suning.com
480,appledaily.com.tw
481,ero-advertising.com
482,gawker.com
483,csdn.net
484,exoclick.com
485,elmundo.es
486,nbcnews.com
487,irctc.co.in
488,styletv.com.cn
489,58.com
490,elpais.com
491,citibank.com
492,zippyshare.com
493,infusionsoft.com
494,sberbank.ru
495,free-tv-video-online.me
496,ucoz.ru
497,asana.com
498,youjizz.com
499,twimg.com
500,glassdoor.com
501,zhihu.com
502,list-manage.com
503,rottentomatoes.com
504,odesk.com
505,nordstrom.com
506,subscene.com
507,clkmon.com
508,jqw.com
509,chaturbate.com
510,abcnews.go.com
511,slate.com
512,issuu.com
513,zing.vn
514,taringa.net
515,mobile.de
516,17ok.com
517,trulia.com
518,timeanddate.com
520,icloud.com
521,intuit.com
522,onlylady.com
523,domaintools.com
524,woot.com
525,kijiji.ca
526,autohome.com.cn
527,asos.com
528,hm.com
529,hespress.com
530,lenta.ru
531,yoka.com
532,ilividnewtab.com
533,youtube-mp3.org
534,independent.co.uk
535,kinopoisk.ru
536,tistory.com
537,ashleyrnadison.com
538,youdao.com
539,livescore.com
540,pcgames.com.cn
541,pof.com
542,expedia.com
544,ppomppu.co.kr
545,ifilez.org
546,shopclues.com
547,xe.com
548,conduit.com
549,bhaskar.com
550,flirchi.com
551,aparat.com
552,kayak.com
553,elance.com
554,gazeta.pl
555,aweber.com
556,sears.com
557,twoo.com
558,urbandictionary.com
559,enet.com.cn
560,southwest.com
561,gamefaqs.com
562,examiner.com
563,tagged.com
564,omiga-plus.com
565,wired.com
566,kohls.com
567,6pm.com
568,watchseries.lt
569,tabelog.com
570,sh.st
571,wetransfer.com
572,gc.ca
573,what-character-are-you.com
574,drudgereport.com
575,corriere.it
576,trklnks.com
577,ig.com.br
578,subito.it
579,mlb.com
580,eonline.com
581,etao.com
582,51fanli.com
583,ashleymadison.com
584,jimdo.com
585,eventbrite.com
586,lenovo.com
587,squarespace.com
588,allrecipes.com
589,voc.com.cn
590,stylene.net
591,cloudtracked.com
592,pinimg.com
593,histats.com
594,hotels.com
595,2ch.net
596,vnexpress.net
597,4chan.org
598,olx.pl
599,mercadolibre.com.ar
600,neobux.com
601,kotaku.com
602,ad127m.com
603,latimes.com
604,it168.com
605,houzz.com
606,iminent.com
607,blogspot.mx
608,sweet-page.com
609,android.com
610,tinyurl.com
611,goo.gl
612,semrush.com
613,upworthy.com
614,zoho.com
615,basecamp.com
616,liveleak.com
617,faithtap.com
618,people.com
619,lefigaro.fr
620,overstock.com
621,milanuncios.com
622,tlbb8.com
623,terra.com.br
624,mbc.net
625,fh21.com.cn
626,office.com
627,folha.uol.com.br
628,haber7.com
629,hubspot.com
630,streamcloud.eu
631,box.com
632,zeobit.com
633,acesse.com
634,lightinthebox.com
635,mirror.co.uk
636,verizon.com
637,almasryalyoum.com
638,nydailynews.com
639,clicksvenue.com
640,moneycontrol.com
641,adultfriendfinder.com
642,9gag.tv
643,ca.gov
644,siteadvisor.com
646,staples.com
647,junbi-tracker.com
648,popcash.net
649,istartsurf.com
651,instructables.com
652,movie4k.to
653,media-fire.org
654,bluehost.com
655,smzdm.com
656,display-trk.com
657,nike.com
658,habrahabr.ru
659,shaadi.com
660,gmarket.co.kr
661,ad6media.fr
662,trovigo.com
663,webtretho.com
664,behance.net
665,digg.com
666,renren.com
667,madpandatv.net
668,chip.de
669,sfgate.com
670,v9.com
671,blackboard.com
672,costco.com
673,app111.com
674,best2tol.com
675,guzzlepraxiscommune.com
676,zappos.com
677,macrumors.com
678,lowes.com
679,inclk.com
681,r10.net
682,priceline.com
683,mega.co.nz
684,lapatilla.com
685,discovercard.com
686,w3.org
687,ria.ru
688,commentcamarche.net
689,wiktionary.org
690,seesaa.net
691,blogspot.it
692,ccidnet.com
693,deadspin.com
694,foodnetwork.com
695,t-mobile.com
696,ebay.fr
697,cookpad.com
698,2345.com
699,warriorforum.com
700,cbslocal.com
701,hstpnetwork.com
702,lemonde.fr
703,tnaflix.com
704,shopify.com
705,nhl.com
706,marketwatch.com
707,bodybuilding.com
708,zulily.com
709,kinogo.net
710,cnbc.com
711,wunderground.com
712,vk.me
713,entrepreneur.com
714,r2games.com
715,interia.pl
716,virgilio.it
717,porn.com
718,androidcentral.com
719,chron.com
720,leagueoflegends.com
721,citrixonline.com
722,cracked.com
723,io9.com
724,safehomepage.com
725,airbnb.com
726,primewire.ag
727,thehindu.com
728,kdnet.net
729,mihanblog.com
730,lockerdome.com
731,donga.com
732,fidelity.com
733,smartshopping.com
734,coursera.org
735,blogspot.com.tr
736,blogspot.de
737,gutefrage.net
738,india.com
739,sfr.fr
740,ancestry.com
741,savefrom.net
742,iflscience.com
743,ted.com
744,pcmag.com
746,gismeteo.ru
747,saramin.co.kr
748,indianrail.gov.in
749,dailycooking.com
750,vine.co
751,default-search.net
752,comcast.com
753,4399.com
754,nownews.com
755,ccb.com
756,jobrapido.com
757,freelotto.com
758,filmon.com
759,bilibili.com
760,united.com
761,rackcdn.com
762,blackhatworld.com
763,nifty.com
764,elitedaily.com
765,ibm.com
767,tomshardware.com
768,filehippo.com
769,xunlei.com
770,mercadolibre.com.mx
771,medium.com
772,youboy.com
773,theatlantic.com
774,24h.com.vn
775,istockphoto.com
776,rapidgator.net
777,reverso.net
778,admngronline.com
779,udn.com
780,swagbucks.com
781,yandex.com.tr
782,ticketmaster.com
783,custhelp.com
784,babycenter.com
785,hatena.ne.jp
786,state.gov
787,pagesjaunes.fr
788,digikala.com
789,udemy.com
790,zovi.com
791,yts.re
792,news.com.au
793,netdna-cdn.com
794,mynet.com
795,webmoney.ru
796,bloglovin.com
797,sbnation.com
798,academia.edu
799,vsuch.com
800,makemytrip.com
801,lun.com
802,foursquare.com
803,backpage.com
804,instructure.com
805,prntscr.com
806,quizlet.com
807,doorknobregorgeasperse.com
808,usmagazine.com
809,babylon.com
810,ew.com
811,match.com
812,dianping.com
813,blogspot.jp
814,k618.cn
815,shareasale.com
816,workercn.cn
817,adplxmd.com
818,asus.com
819,europa.eu
820,myfitnesspal.com
821,airtel.in
822,billdesk.com
823,businessweek.com
824,monster.com
825,m-w.com
826,superuser.com
827,japanpost.jp
828,dilutionbarberryplangent.com
829,gamespot.com
830,pchome.com.tw
831,coupons.com
832,webex.com
833,farsnews.com
834,mackolik.com
835,mit.edu
836,dmm.com
837,facenama.com
838,adnxs.com
839,drseks.com
840,cdiscount.com
841,putlocker.is
842,bhphotovideo.com
843,searchengineland.com
844,playbuzz.com
845,roadspace.biz
846,pantip.com
847,onedio.com
848,novinky.cz
849,weblio.jp
850,jquery.com
851,openadserving.com
852,zergnet.com
853,paytm.com
854,delta.com
855,to8to.com
856,sahadan.com
857,sulekha.com
858,zara.com
859,mint.com
860,altervista.org
861,nikkei.com
862,momoshop.com.tw
863,immobilienscout24.de
864,cbc.ca
865,deezer.com
866,myfreecams.com
867,blogspot.ru
868,hubpages.com
869,focus.de
870,blog.me
871,friv.com
872,unbentdilativecutpurse.com
873,rutor.org
874,cbsnews.com
875,persianblog.ir
876,williamhill.com
877,nypost.com
878,mercadolibre.com.ve
879,sky.com
880,sapo.pt
881,mtv.com
882,nate.com
883,clien.net
884,doorblog.jp
885,drtuber.com
886,ruten.com.tw
887,roblox.com
888,dreamstime.com
889,netshoes.com.br
890,abradora.com
891,realtor.com
892,xbox.com
893,tabnak.ir
894,sakura.ne.jp
895,bidvertiser.com
896,informer.com
897,adp.com
898,who.is
899,xing.com
900,eastmoney.com
901,euromillionairesystem.com
902,0427d7.se
903,11st.co.kr
904,disney.go.com
905,motherless.com
906,mangahere.co
907,yourlust.com
908,mayoclinic.org
909,rightmove.co.uk
910,forever21.com
911,bahn.de
912,52pk.net
913,viralnova.com
914,liveperson.net
915,123rf.com
916,cc.com
917,prezi.com
918,theblaze.com
919,bestadbid.com
920,sporx.com
921,xsrving.com
922,cisco.com
923,cnblogs.com
924,nasa.gov
925,nbcsports.com
926,ultimate-guitar.com
928,getbootstrap.com
929,scoop.it
930,livestrong.com
931,gamer.com.tw
932,duckduckgo.com
933,playerme.org
935,sciencedirect.com
936,freepik.com
937,yellowpages.com
938,haberturk.com
939,aftonbladet.se
940,adshostnet.com
941,rtbpopd.com
942,dafont.com
943,lequipe.fr
944,eenadu.net
945,nyaa.se
946,jezebel.com
947,ampclicks.com
948,speedanalysis.net
949,y8.com
950,get-a-fuck-tonight.com
951,sanook.com
952,junglee.com
953,spankwire.com
954,nationalgeographic.com
955,narod.ru
956,klikbca.com
957,allocine.fr
959,atlassian.net
960,stanford.edu
961,eazel.com
962,biglobe.ne.jp
963,inc.com
965,gumtree.com
966,typepad.com
967,prothom-alo.com
968,asahi.com
969,souq.com
970,usaa.com
971,smh.com.au
972,rednet.cn
973,el-balad.com
974,olx.co.id
975,exblog.jp
976,investopedia.com
977,accountonline.com
978,nhk.or.jp
979,6park.com
980,popmog.com
981,ero-video.net
982,thedailybeast.com
983,fbnewsreport.com
984,techradar.com
985,vcommission.com
986,fhserve.com
987,linkbucks.com
988,bt.com
989,joomla.org
990,ebates.com
991,alarabiya.net
992,gazeta.ru
993,tutsplus.com
994,usbank.com
995,harvard.edu
996,315che.com
997,sape.ru
998,fotostrana.ru
999,dict.cc
1000,cbs.com
1001,mi.com
1002,vetogate.com
1003,yandex.kz
1004,pixlr.com
1005,mediaset.it
1006,gittigidiyor.com
1007,stafaband.info
1008,pog.com
1009,gyazo.com
1010,clip.vn
1011,drom.ru
1012,114la.com
1013,singlessalad.com
1014,over-blog.com
1015,vi-view.com
1016,panet.co.il
1017,zwaar.net
1018,freelancer.com
1019,linkwithin.com
1020,pch.com
1021,marktplaats.nl
1022,phonearena.com
1023,tesco.com
1024,slimspots.com
1025,all-free-download.com
1026,gongchang.cn
1027,mixi.jp
1028,getresponse.com
1029,video-one.com
1030,postads24.com
1031,lotour.com
1032,tubexclips.com
1033,wattpad.com
1035,gotomeeting.com
1036,jia.com
1037,iconosquare.com
1038,fotolia.com
1039,caixa.gov.br
1040,adme.ru
1041,oyunskor.com
1042,chinabyte.com
1043,ebay.ca
1044,binaryprofessional.com
1045,inquirer.net
1046,as.com
1047,playstation.com
1048,searchengines.guru
1049,discuss.com.hk
1050,delta-search.com
1051,firstpost.com
1052,vente-privee.com
1053,salon.com
1054,leadpages.net
1055,bufferapp.com
1056,ning.com
1057,hh.ru
1058,yhd.com
1059,www.gov.uk
1060,tribunnews.com
1061,pole-emploi.fr
1062,thekitchn.com
1063,niuche.com
1064,criticalupdate247.com
1066,apache.org
1067,chekb.com
1068,rakuten.ne.jp
1069,vesti.ru
1070,nairaland.com
1071,toysrus.com
1072,tutorialspoint.com
1073,aa.com
1074,bookmyshow.com
1075,indiamart.com
1076,gamepedia.com
1077,beytoote.com
1078,imagebam.com
1079,barnesandnoble.com
1080,cnmo.com
1081,camdolls.com
1082,abplive.in
1083,gemius.pl
1084,so-net.ne.jp
1085,change.org
1086,adk2.net
1087,clipconverter.cc
1088,bankmellat.ir
1089,grooveshark.com
1090,indianexpress.com
1091,idnes.cz
1092,yandex.by
1093,weheartit.com
1094,picmonkey.com
1095,wiocha.pl
1096,mail.com
1097,torcache.net
1098,tripadvisor.co.uk
1099,livingsocial.com
1100,whitepages.com
1101,kinox.to
1102,solarmovie.is
1103,howstuffworks.com
1104,parisexe.com
1105,gulfup.com
1106,fang.com
1107,worldstarhiphop.com
1108,pcpop.com
1109,gumtree.com.au
1110,rollingstone.com
1111,leo.org
1112,eztv.it
1113,linternaute.com
1114,miniclip.com
1115,sitepoint.com
1116,idealo.de
1117,cpmterra.com
1118,arstechnica.com
1119,turbobit.net
1120,adultadworld.com
1121,nocookie.net
1122,rakuten.com
1123,baihe.com
1124,letv.com
1125,geocities.jp
1126,imobile.com.cn
1127,yomiuri.co.jp
1128,credit-agricole.fr
1129,brassring.com
1130,vezuha.me
1131,keezmovies.com
1132,seasonvar.ru
1133,merdeka.com
1134,websta.me
1135,hamariweb.com
1136,givemesport.com
1137,ibtimes.com
1138,buscape.com
1139,22find.com
1140,kioskea.net
1141,nowvideo.sx
1142,s2d6.com
1143,argos.co.uk
1144,premierleague.com
1145,dubizzle.com
1146,wiley.com
1147,gazzetta.it
1148,xtube.com
1149,intel.com
1150,manoramaonline.com
1151,makeuseof.com
1152,abc.es
1153,irs.gov
1155,cdc.gov
1156,metacritic.com
1157,e-hentai.org
1158,miniinthebox.com
1159,mp3skull.com
1160,jagran.com
1161,lacaixa.es
1162,jsfiddle.net
1163,postimg.org
1164,sprint.com
1165,microsoftstore.com
1166,soku.com
1167,ishort.co
1168,chefkoch.de
1169,internethaber.com
1170,marriott.com
1171,blogspot.kr
1172,pcanalysis.net
1173,dantri.com.vn
1174,jeuxvideo.com
1175,dropboxusercontent.com
1176,o2.pl
1177,sephora.com
1178,doodle.com
1179,zalando.de
1180,gstatic.com
1181,keepvid.com
1182,duba.com
1183,gumtree.co.za
1184,fanduel.com
1185,ewt.cc
1186,crunchbase.com
1187,mediaplex.com
1188,videomega.tv
1189,eyny.com
1190,excite.co.jp
1191,indiegogo.com
1192,anonym.to
1193,itau.com.br
1194,sharelive.net
1195,popsugar.com
1196,ukr.net
1197,programme-tv.net
1198,pr-cy.ru
1199,clarin.com
1200,themetapicture.com
1201,mackeeper.com
1202,telegraaf.nl
1203,graphicriver.net
1204,echo.msk.ru
1205,norton.com
1206,envato.com
1207,fandango.com
1208,dx.com
1209,yaplakal.com
1210,uniqlo.com
1211,brainyquote.com
1212,auction.co.kr
1213,watchseries.ag
1214,digitalocean.com
1215,ocn.ne.jp
1216,wayfair.com
1217,buscape.com.br
1218,kimiss.com
1219,avast.com
1220,boredpanda.com
1221,aizhan.com
1222,fanfiction.net
1223,jcpenney.com
1224,fool.com
1225,hindustantimes.com
1226,slack.com
1227,wav.tv
1228,today.com
1229,cpasbien.pe
1230,clixsense.com
1231,adtech.info
1232,dangdang.com
1233,sharepoint.com
1234,walgreens.com
1235,ea.com
1236,jalan.net
1237,berkeley.edu
1238,shutterfly.com
1239,mynavi.jp
1240,donanimhaber.com
1241,bizjournals.com
1242,tune.pk
1243,vox.com
1244,hongkiat.com
1245,getpocket.com
1246,feng.com
1247,jw.org
1248,dribbble.com
1249,gnavi.co.jp
1250,bongda60.com
1251,pcworld.com
1252,jalopnik.com
1253,vidvib.com
1254,images-amazon.com
1255,worlddaily.com
1256,last.fm
1257,skysports.com
1258,dpreview.com
1259,pbs.org
1260,sozcu.com.tr
1261,mangareader.net
1262,labanquepostale.fr
1263,finn.no
1264,clickbank.com
1265,nuvid.com
1266,126.com
1267,wowhead.com
1268,usnews.com
1269,polyvore.com
1270,battlefield.com
1271,yyets.com
1272,trend.az
1273,ytimg.com
1274,blog.jp
1275,ryanair.com
1276,fishki.net
1277,careerbuilder.com
1278,mapquest.com
1279,pastebin.com
1280,mydomainadvisor.com
1281,elegantthemes.com
1282,redfin.com
1283,piriform.com
1284,uproxx.com
1285,axisbank.com
1286,blogspot.tw
1287,flipora.com
1288,netteller.com
1289,commbank.com.au
1290,complex.com
1291,nymag.com
1292,rtl.de
1293,cam4.com
1294,dhgate.com
1295,startimes.com
1296,zhaopin.com
1297,mbank.com.pl
1298,picofile.com
1299,gilt.com
1300,askubuntu.com
1301,porntube.com
1302,biblegateway.com
1303,tinypic.com
1304,windowsphone.com
1305,zimbio.com
1306,namecheap.com
1307,bukalapak.com
1308,bitbucket.org
1309,mydala.com
1310,vip.com
1311,wpmudev.org
1312,thenextweb.com
1313,cheezburger.com
1314,albawabhnews.com
1315,herokuapp.com
1316,thechive.com
1318,iciba.com
1319,fatwallet.com
1320,nouvelobs.com
1321,politico.com
1322,list-manage1.com
1323,n-mobile.net
1324,thoughtcatalog.com
1325,refinery29.com
1326,jcrew.com
1327,cloob.com
1328,tunein.com
1329,super.cz
1330,hollywoodreporter.com
1331,lanacion.com.ar
1332,usagc.org
1333,olx.ua
1334,staticflickr.com
1335,gamestop.com
1336,noaa.gov
1337,mysearchresults.com
1338,rozblog.com
1339,olx.com.br
1340,ycombinator.com
1341,welt.de
1342,cloudflare.com
1343,mysmartprice.com
1344,vg.no
1345,hilton.com
1346,digitaltrends.com
1347,rotoworld.com
1348,yadi.sk
1349,softpedia.com
1350,seekingalpha.com
1351,autoscout24.de
1352,foxsports.com
1353,ecollege.com
1354,astromenda.com
1355,adsterritory.biz
1356,fanhuan.com
1357,shaparak.ir
1358,investing.com
1359,zeroredirect1.com
1360,serving-sys.com
1361,lynda.com
1362,td.com
1363,codeproject.com
1364,traidnt.net
1365,4pda.ru
1366,fatakat.com
1367,wetter.com
1368,gogetlinks.net
1369,ubuntu.com
1370,nu.nl
1371,webs.com
1372,imagefap.com
1373,sponichi.co.jp
1374,cavehealth.biz
1375,audible.com
1376,viadeo.com
1377,way2sms.com
1378,gumtree.pl
1379,howtogeek.com
1380,dw.de
1381,1und1.de
1382,abc.net.au
1383,ft.com
1384,impress.co.jp
1385,kongregate.com
1386,hepsiburada.com
1387,garanti.com.tr
1388,screencast.com
1389,kompasiana.com
1390,bandcamp.com
1391,mysql.com
1392,americanas.com.br
1393,ck101.com
1394,heise.de
1395,longhoo.net
1396,pingdom.com
1397,lloydsbank.co.uk
1398,hsbc.co.uk
1399,ilmeteo.it
1400,craigslist.ca
1401,kicker.de
1402,mangapanda.com
1403,iza.ne.jp
1404,css-tricks.com
1405,ozon.ru
1406,elwatannews.com
1407,metrolyrics.com
1408,humblebundle.com
1409,ahrefs.com
1410,abc.go.com
1411,qualtrics.com
1412,ustream.tv
1413,gtmetrix.com
1414,bitecharge.com
1415,meituan.com
1416,autosottocosto.com
1417,stubhub.com
1418,189.cn
1419,megogo.net
1420,zougla.gr
1421,nudevista.com
1422,researchgate.net
1423,akhbarak.net
1424,rvchsr.com
1425,gazetaexpress.com
1426,ebay.es
1427,usportnews.com
1428,walmart.com.br
1429,nikkansports.com
1430,drugs.com
1431,tvguide.com
1432,autotrader.com
1433,consumers-response.org
1434,discover.com
1435,51job.com
1436,lego.com
1437,criteo.com
1438,tubegalore.com
1439,weather.gov
1440,ly.net
1441,bangmygfs.com
1442,templatemonster.com
1443,egou.com
1444,optmd.com
1445,censor.net.ua
1446,bdnews24.com
1447,economist.com
1448,qianlong.com
1449,sabah.com.tr
1450,cvkgpq.com
1451,orf.at
1452,funnyordie.com
1453,pnc.com
1454,inspsearch.com
1455,dhl.com
1456,ehowenespanol.com
1457,ad4game.com
1458,city-data.com
1459,royalbank.com
1460,internetdownloadmanager.com
1461,woothemes.com
1462,citibank.co.in
1463,r7.com
1464,moviepilot.com
1465,sedty.com
1466,serverfault.com
1467,zazzle.com
1468,cocolog-nifty.com
1469,yjc.ir
1470,venturebeat.com
1471,homeshop18.com
1472,filmibeat.com
1473,wmmail.ru
1474,vporn.com
1475,livedoor.biz
1476,lg.com
1477,wmtransfer.com
1478,grantland.com
1479,cars.com
1480,sueddeutsche.de
1481,nikkeibp.co.jp
1482,drupal.org
1483,cy-pr.com
1484,onliner.by
1485,4cdn.org
1487,azet.sk
1488,starbucks.com
1489,cj.com
1490,adxcore.com
1491,national-lottery.co.uk
1492,auto.ru
1493,hi5.com
1494,slashdot.org
1495,correios.com.br
1496,asriran.com
1497,dhl.de
1498,nnm-club.me
1499,douguo.com
1500,berniaga.com
1501,360doc.com
1502,infobae.com
1503,springer.com
1504,linkeyproject.com
1505,entertainment-factory.com
1506,cvs.com
1507,lazada.co.id
1508,bravotube.net
1509,ya.ru
1510,radikal.com.tr
1511,crobo.com
1512,oneindia.com
1513,slutroulette.com
1514,zopim.com
1516,similarweb.com
1517,viva.co.id
1518,fitbit.com
1519,peyvandha.ir
1520,ynet.co.il
1521,blekko.com
1522,bomnegocio.com
1523,bestapp246.biz
1524,qidian.com
1525,tebyan.net
1526,desi-tashan.com
1527,voyages-sncf.com
1528,acads.net
1529,kmart.com
1530,creditkarma.com
1531,mcafee.com
1532,woorank.com
1533,kbb.com
1534,brides.com.cn
1535,mangafox.me
1536,letitbit.net
1537,cmbchina.com
1538,fastpic.ru
1539,series.ly
1540,sweetim.com
1541,chicagotribune.com
1542,caixin.com
1543,genius.com
1544,pornerbros.com
1545,kp.ru
1546,orbitz.com
1547,postbank.de
1548,upsocl.com
1549,filmweb.pl
1550,addmefast.com
1551,baiducontent.com
1552,schwab.com
1553,billboard.com
1554,newyorker.com
1555,pikabu.ru
1556,xkcd.com
1557,zdnet.com
1558,zozo.jp
1559,bedbathandbeyond.com
1560,snapdo.com
1561,32d1d3b9c.se
1562,tickld.com
1563,tigerdirect.com
1564,wiziwig.tv
1565,wp.com
1566,rarbg.com
1567,capitalone360.com
1568,musica.com
1569,iherb.com
1570,smallseotools.com
1571,otto.de
1572,umich.edu
1573,wikispaces.com
1574,wwe.com
1575,xiami.com
1576,almanar.com.lb
1577,crunchyroll.com
1578,qvc.com
1579,breitbart.com
1580,mystartsearch.com
1581,adsgrowth.com
1582,online.sh.cn
1583,lumosity.com
1584,esporte.uol.com.br
1585,webcrawler.com
1586,pornmaki.com
1587,500px.com
1588,alimama.com
1589,depositphotos.com
1590,aljazeera.com
1591,airasia.com
1592,tiscali.it
1593,xcams.com
1594,vid-converter.com
1595,metro.co.uk
1596,haberler.com
1597,blogimg.jp
1598,p5w.net
1599,mywebsearch.com
1600,searchenginewatch.com
1601,about.me
1602,telecinco.es
1603,blocket.se
1604,fanpage.it
1605,blogspot.com.au
1606,fnac.com
1607,myanimelist.net
1608,tomsguide.com
1609,gaana.com
1610,urbanoutfitters.com
1611,brazzers.com
1612,bab.la
1613,ptt.cc
1614,dmv.org
1615,docin.com
1616,bitshare.com
1617,blogsky.com
1618,evite.com
1619,zeit.de
1620,bankrate.com
1621,freesoftstore.com
1622,teamviewer.com
1623,tribalwars2.com
1624,boston.com
1625,ranker.com
1626,perezhilton.com
1627,videoweed.es
1628,wolframalpha.com
1629,edmunds.com
1630,blog.com
1631,thethirdmedia.com
1632,bbb.org
1633,herezera.com
1634,amung.us
1635,qqbaobao.com
1636,whois.com
1637,cosmopolitan.com
1638,kapook.com
1639,vistaprint.com
1640,opentable.com
1641,otomoto.pl
1642,game321.com
1643,telecomitalia.it
1644,buenosearch.com
1645,zone-telechargement.com
1646,giphy.com
1647,khanacademy.org
1648,slrclub.com
1649,pornoxo.com
1650,unam.mx
1651,familydoctor.com.cn
1652,realestate.com.au
1653,lifenews.ru
1654,livetv.sx
1655,plarium.com
1656,sonyentertainmentnetwork.com
1657,timeout.com
1658,chosun.com
1659,sp.gov.br
1660,iautos.cn
1661,cartfill.in
1662,streamnowmovies.com
1663,sonymobile.com
1664,axisbank.co.in
1665,pornmd.com
1666,purdue.edu
1667,legacy.com
1668,neogaf.com
1669,sakshi.com
1670,priceminister.com
1671,prestashop.com
1672,ucoz.com
1673,icims.com
1674,virginmedia.com
1675,drive2.ru
1676,ggpht.com
1677,wimp.com
1678,cityadspix.com
1679,rutube.ru
1680,rackspace.com
1681,garmin.com
1682,yenisafak.com.tr
1683,dummies.com
1684,uefa.com
1685,nextmedia.com
1686,hotpepper.jp
1687,acfun.tv
1688,smi2.ru
1689,mts.ru
1690,espnfc.com
1691,a10.com
1692,cnbeta.com
1693,tut.by
1694,segundamano.es
1695,aliyun.com
1696,vodlocker.com
1697,doisongphapluat.com
1698,videostripe.com
1699,bgr.com
1700,myspace.com
1701,skyrock.com
1702,akairan.com
1703,reclameaqui.com.br
1704,freejobalert.com
1705,shahrekhabar.com
1706,bestblackhatforum.com
1707,ad123m.com
1708,discogs.com
1709,columbia.edu
1710,pixabay.com
1711,cinemablend.com
1712,theglobeandmail.com
1713,iltalehti.fi
1714,28.com
1715,uber.com
1716,dmoz.org
1717,banglanews24.com
1718,tvn24.pl
1719,collegehumor.com
1720,1and1.com
1721,zoosk.com
1722,tubeplus.me
1723,itmedia.co.jp
1724,kizi.com
1725,bmi.ir
1726,telegrafi.com
1727,17track.net
1728,cornell.edu
1729,utexas.edu
1730,gymplan.com
1731,amarujala.com
1732,estadao.com.br
1733,toptenreviews.com
1734,20minutos.es
1735,20minutes.fr
1737,wunderlist.com
1738,cleartrip.com
1739,jma.go.jp
1740,4tube.com
1741,timewarnercable.com
1742,dawn.com
1743,ulmart.ru
1744,jiameng.com
1745,distractify.com
1746,dwnews.com
1747,dinamalar.com
1748,khabaronline.ir
1749,miralinks.ru
1750,noticias24.com
1751,pearsoncmg.com
1752,wpbeginner.com
1753,rei.com
1754,1digitalstock.com
1755,reallifecam.com
1756,zomato.com
1757,psu.edu
1758,pudelek.pl
1759,uploadinstall.com
1760,ucla.edu
1761,ceneo.pl
1762,bookryanair.com
1763,inquisitr.com
1764,sunporno.com
1765,camster.com
1766,uptobox.com
1767,sabq.org
1768,t411.me
1769,lavasoft.com
1770,freshbooks.com
1771,gofundme.com
1772,delicious.com
1773,earthlink.net
1774,manta.com
1775,victoriassecret.com
1776,easyjet.com
1777,caisse-epargne.fr
1778,tripadvisor.in
1779,avclub.com
1780,break.com
1781,carview.co.jp
1782,oneplus.net
1783,codecademy.com
1784,barclaycardus.com
1785,theonion.com
1786,ijreview.com
1787,huffingtonpost.co.uk
1788,magentocommerce.com
1789,ebrun.com
1790,vodoumedia.com
1791,rg.ru
1792,alohatube.com
1793,mpnrs.com
1794,unity3d.com
1795,partycity.com
1796,yohogirls.com
1797,pravda.com.ua
1798,megafilmeshd.net
1799,inbox.com
1800,poste.it
1801,allmyvideos.net
1802,zanox.com
1803,incredibar.com
1804,yohoboys.com
1805,urbanspoon.com
1806,aastocks.com
1807,vmware.com
1808,huaban.com
1809,intentmedia.net
1810,msnbc.com
1811,fanpop.com
1812,lomadee.com
1813,bannersdontwork.com
1814,xwei.tv
1815,fbsbx.com
1816,nbc.com
1817,pornsharing.com
1818,mashreghnews.ir
1819,kankan.com
1820,mybinarysystem.com
1821,livestream.com
1822,shopbop.com
1823,elconfidencial.com
1824,alphaporno.com
1825,telegraf.com.ua
1826,lifehack.org
1827,archiveofourown.org
1828,daily.co.jp
1829,expressen.se
1830,leparisien.fr
1831,ilfattoquotidiano.it
1832,ashemaletube.com
1833,itv.com
1834,medicinenet.com
1835,canva.com
1836,mainichi.jp
1837,qz.com
1838,360kan.com
1839,unicredit.it
1840,soccerway.com
1841,fortune.com
1842,championat.com
1843,trademe.co.nz
1844,meishichina.com
1845,wildberries.ru
1846,onlinecreditcenter6.com
1847,angel.co
1848,faz.net
1849,shopstyle.com
1850,freepornvs.com
1851,samanyoluhaber.com
1852,netsuite.com
1853,thisblewmymind.com
1854,sznews.com
1855,dcinside.com
1856,fdrmx.com
1857,print3.info
1858,naij.com
1859,anysex.com
1860,androidpolice.com
1861,indeed.co.uk
1862,titan24.com
1863,iconfinder.com
1864,arbeitsagentur.de
1865,pogo.com
1866,stargazete.com
1867,sports.ru
1868,infojobs.net
1869,h2porn.com
1870,888casino.com
1871,ijie.com
1872,officedepot.com
1873,anitube.se
1874,nyu.edu
1875,tf1.fr
1876,zoopla.co.uk
1877,liveadoptimizer.com
1878,kapanlagi.com
1879,dailyprofitmethod.org
1880,bigcartel.com
1881,news24.com
1882,jugem.jp
1883,ksl.com
1884,lexpress.fr
1885,privalia.com
1886,sparknotes.com
1887,voyeurhit.com
1888,wmaraci.com
1889,mylust.com
1890,bayt.com
1891,indeed.co.in
1892,mobicrunch.com
1893,scoopwhoop.com
1894,lindaikeji.blogspot.com
1895,01net.com
1896,autotrader.co.uk
1897,newsru.com
1898,samsclub.com
1899,mheducation.com
1900,21cn.com
1901,day.az
1902,12306.cn
1903,santander.co.uk
1904,fastcompany.com
1905,shop.com
1907,etrade.com
1908,hellou.co.uk
1909,hotchatdate.com
1910,patheos.com
1911,dojki.com
1912,ad124m.com
1913,maybank2u.com.my
1914,barclays.co.uk
1915,forgeofempires.com
1916,willhaben.at
1917,opensubtitles.org
1918,alexa.com
1919,searchenginejournal.com
1920,quizfreak.com
1921,apa.az
1922,dealnews.com
1923,meteofrance.com
1924,oschina.net
1925,washington.edu
1926,inmotionhosting.com
1927,xhamstercams.com
1928,forexfactory.com
1929,eluniversal.com.mx
1930,todayhumor.co.kr
1931,laposte.net
1932,smashingmagazine.com
1933,movshare.net
1934,dagbladet.no
1935,sony.com
1936,flippa.com
1937,chess.com
1938,copyscape.com
1939,teddybrinkofski.com
1940,8tracks.com
1941,blackberry.com
1942,univision.com
1943,mightytext.net
1944,index.hu
1945,codepen.io
1946,all.biz
1947,tympanus.net
1948,isna.ir
1949,offpageads.com
1950,alice.it
1951,imageshack.com
1952,citi.com
1953,realsimple.com
1954,redbox.com
1955,n11.com
1956,theweathernetwork.com
1957,greatandhra.com
1958,starwoodhotels.com
1959,quicksprout.com
1960,mydrivers.com
1961,i.ua
1962,shop-pro.jp
1963,hqylgc.com
1964,ap.org
1965,booloo.com
1966,state.tx.us
1967,wufoo.com
1968,kouclo.com
1969,okwave.jp
1970,xrosview.com
1971,biztok.pl
1972,bradesco.com.br
1973,sonhoo.com
1974,hdzog.com
1975,edmodo.com
1976,ny.gov
1977,topix.com
1978,vagalume.com.br
1979,jvzoo.com
1980,opensooq.com
1981,chooseauto.com.cn
1982,hotukdeals.com
1983,masrawy.com
1984,adweek.com
1985,aruba.it
1986,whatseek.com
1987,dealmoon.com
1988,diretta.it
1989,starbaby.cn
1990,aljazeera.net
1991,puu.sh
1992,realclearpolitics.com
1993,submarino.com.br
1994,bizrate.com
1995,logmein.com
1996,51.la
1997,starsports.com
1998,webhostingtalk.com
1999,kijiji.it
2000,dailykos.com
